restaurant_id,restaurant_name,phone,address
1,발우공양,02-733-2081,서울 종로구 견지동 71 템플스테이 통합정보센터 5층
2,502 세컨즈카페,070-4465-7996,서울 노원구 섬밭로 232 우성아파트
3,롯데리아 (시흥현대시장),0507-1362-9800,서울 금천구 독산로 128
4,5길반찬,,서울 노원구 초안산로5길 12
5,롯데리아 (시흥중앙),02-808-0202,서울 금천구 금하로 712
6,8빵,0507-1336-8042,서울 광진구 능동로32길 51 1층
7,롯데리아 (홈플러스 금천),02-808-3445,서울 금천구 시흥대로 391 홈플러스금천점 1F
8,CEEK,010-8499-0905,서울 중구 동호로17길 13 로컬스티치 약수 1층
9,롯데리아 (구로가산),02-2081-0992,서울 금천구 디지털로 188 W - MALL
10,DURI화덕피자 & 파스타,0507-1338-7504,서울 은평구 녹번로 41 상가1층 DURI 화덕피자&파스타
11,본죽 (신림푸르지오),02-855-6664,서울 금천구 남부순환로 1432
12,Mr Lee (미스터 리),010-2786-0444,서울 서대문구 연세로7안길 41 지하1층
13,본죽 (시흥),02-894-9799,서울 금천구 금하로 760
14,MTL (효창),070-4259-3113,서울 용산구 효창원로69길 25 1층 mtl
15,본죽 (금천롯데캐슬),02-896-6288,서울 금천구 벚꽃로 40 롯데캐슬골드파크1차 113동 113호
16,Ndd,070-4113-1088,서울 성동구 서울숲2길 19-18 2층
17,본죽 (가산디지털),02-866-6282,서울 금천구 가산디지털1로 186 제이플라츠
18,TLC,02-736-0177,서울 종로구 사직로8길 34
19,본죽 (독산동씨티렉스),02-895-6288,서울 금천구 시흥대로 399 시티렉스(CT-LEX)
20,WHAT A CHEF (왓어쉐프),070-8285-3337,서울 강남구 선릉로157길 23-3
21,본죽&비빔밥cafe (가산테라타워),02-6230-5522,서울 금천구 디지털로10길 78
22,가네샤,02-3663-1532,서울 강서구 마곡동로3길 26 3층 305호
23,본죽&비빔밥cafe (시흥사거리),02-808-6288,서울 금천구 금하로 619
24,가로수길 칼국수,02-512-6474,서울 강남구 압구정로2길 46
25,본죽&비빔밥cafe (독산역),02-858-6288,서울 금천구 범안로 1130 디지털엠파이어빌딩
26,가미꼬마김밥,02-929-9575,서울 성북구 동소문로18길 12-8
27,본도시락 (가산디지털3단지),02-858-4282,서울 금천구 가산디지털1로 219 벽산 디지털밸리6
28,가원,02-325-1580,서울 마포구 월드컵로 65
29,본도시락 (금천구청),02-804-4282,서울 금천구 시흥대로 251 도일산호시티빌
30,강가 (무교),02-3783-0610,서울 중구 세종대로 136
31,본도시락 (가산),02-830-4282,서울 금천구 벚꽃로56길 182 램킨푸르지오시티106호
32,강가 (여의도),02-782-3610,서울 영등포구 국제금융로2길 7
33,샐러디 (가산디지털단지),0507-1486-8289,서울 금천구 가산디지털1로 181 sk w센터 106호
34,강가 (역삼),02-2005-0610,서울 강남구 논현로 508
35,스무디킹 (가산마리오아울렛),02-2067-2101,서울 금천구 벚꽃로 266 마리오아울렛3관 B1
36,강가 (잠실),02-3213-4636,서울 송파구 올림픽로 300
37,스무디킹 (이마트24가산SKV1),02-6916-1500,서울 금천구 가산디지털1로 171
38,강남교자 (뚝섬),02-6077-7040,서울 성동구 상원1길 26  서울숲A타워 1층
39,스윗밸런스 (가산더블유센터),0507-1316-6329,서울 금천구 가산디지털1로 181 가산W센터 1층 118호
40,강남더수제비,02-561-5831,서울 강남구 강남대로94길 23
41,강릉형제장칼국수,02-871-8852,서울 관악구 대학5길 10-7
42,개성집,02-547-8526,서울 강남구 봉은사로1길 6
43,갯마을칼국수,02-719-6996,서울 용산구 청파로45길 33
44,거북이집,02-322-8018,서울 서대문구 연희맛로 12-1
45,건강한빵,02-6494-0049,서울 종로구 성균관로1길 6-6
46,건강한식당,02-714-7676,서울 용산구 만리재로 196
47,걸신맛집,02-566-9285,서울 강남구 테헤란로6길 29
48,경복궁 우동냉면,0507-1364-6655,"서울특별시 은평구 진관3로 33(은평뉴타운 꿈에그린 제지1층 109호,110호 진관동)"
49,고모네원조콩탕북어찜,02-485-4675,서울 강동구 풍성로57길 13
50,고향보리밥쌈밥,070-8820-3330,서울 노원구 중계로2길 88 2층
51,고향칼국수,02-373-1158,서울 은평구 진흥로1길 29
52,골목주방,010-9209-6471,서울 강서구 등촌로13길 12
53,공간녹음,02-6953-6998,서울 강서구 공항대로 227 403호
54,과수당,0507-1444-0047,서울 강남구 역삼로14길 10 1층 102호
55,구내식당,070-5121-2710,서울 마포구 월드컵로19길 74 어쩌다가게 101호
56,구포국수,02-2214-9747,서울 동대문구 답십리로 70
57,국수나무 (남성역),02-534-8333,서울 동작구 사당로 215 서림빌딩
58,국수천천히,010-9005-0881,서울 동대문구 서울시립대로28길 6
59,굿피자파스타,0507-1406-1241,서울 노원구 동일로180길 37-7 1층 101호 굿피자파스타
60,권가김밥,02-701-0117,서울 마포구 숭문길 63
61,권순옥김밥,02-935-5260,서울 노원구 동일로 1354
62,귀빈반점,0504-3142-1101,서울 노원구 화랑로51길 81 공릉아파트
63,그랑블루,070-7798-0872,서울 중구 수표로 66
64,그러팡야,,서울특별시 마포구 포은로 48
65,그레이스톤,0507-1402-7878,서울 성동구 성수이로7길 27 서울숲코오롱디지탈타워
66,그리너 샐러드,070-7799-3430,서울 마포구 양화로23길 22-6 1층 그리너
67,그리너 샐러드 (강서구),0507-1360-0217,서울 강서구 마곡중앙4로 18 마곡그랑트윈타워 B동 217호
68,그리너 샐러드 (구디단점),0507-1305-3430,서울 동작구 신대방11길 35 1호
69,그리너 샐러드 (논현점),070-8880-3430,서울 강남구 강남대로124길 35
70,그리너 샐러드 (대치점),070-8844-3430,서울 강남구 역삼로64길 18
71,그리너리 샐러드,02-782-9242,서울 영등포구 은행로 29
72,그리너샐러드 잠실점,02-425-3430,서울 송파구 가락로15길 7-1
73,그린바이브,02-3152-0629,서울 마포구 월드컵로34길 14 벽산상암스마트큐브 1층
74,그린벨리,010-9715-0814,서울 성북구 성북로8나길 8 지하 1층
75,그릴도하,02-790-5575,서울 용산구 이태원로 268 2층
76,기웃기웃,010-5472-9773,서울 마포구 신촌로12다길 20
77,김밥은,02-999-4225,서울 강북구 한천로 1016
78,김씨네돌솥밥순두부,02-494-3100,서울 동대문구 망우로21길 4
79,까르보네 (중계은행사거리점),02-938-1066,서울특별시 노원구 한글비석로 273
80,까볼로 (연신내),02-382-2015,서울 은평구 연서로27길 16-14
81,깔리,02-581-2855,서울 서초구 방배천로 21
82,꼬망김밥 (서울역 내부),,서울특별시 용산구 한강대로 405
83,꽃갈피,010-3217-9817,서울 동대문구 망우로18가길 36
84,꽃제비칼국수,02-911-8371,서울 노원구 광운로12길 13
85,꿀밤,0507-1318-1276,서울 용산구 우사단로14길 3 2층
86,나마스테,02-2272-1812,서울 중구 퇴계로 182
87,나무선인장,070-4084-7775,서울 은평구 통일로83길 23
88,나빈,02-931-1557,서울 노원구 노해로 494
89,나위,0507-1359-1620,서울 송파구 삼전로 90 금화빌딩 1층
90,날일달월,02-457-0102,서울 광진구 구의강변로 57
91,남경막국수 (잠실),02-417-0060,서울 송파구 백제고분로7길 52-29
92,남미플랜트랩,02-522-1276,서울 서초구 방배천로4안길 55
93,낭만모로코,010-8716-8717,서울 관악구 관악로14길 88
94,내여자를부탁해 (메세나폴리스),02-332-2043,서울 마포구 양화로 45 2F
95,내여자를부탁해 (선릉),02-2183-2040,서울 강남구 테헤란로 322
96,노이에아트멍,070-8834-5444,서울 강남구 도산대로23길 19
97,녹기전에,070-8829-8020,서울 마포구 백범로 127-24
98,뉘조,02-730-9301,서울 종로구 인사동14길 27
99,뉴델리,02-957-7955,서울 동대문구 경희대로6길 5
100,능동샐러드,070-8836-4453,서울 광진구 능동로13길 10-7
101,니니네,010-3214-1827,서울 마포구 광성로6길 30 1층
102,니르바나,02-720-1910,서울 종로구 인사동길 58 2층
103,닐리 (중계점),02-939-0000,서울 노원구 중계로 205 동진빌딩
104,다래목해물손칼국수전문점,02-2661-7845,서울 강서구 강서로47가길 27
105,다온메밀막국수,02-2695-9595,서울 양천구 오목로50길 8
106,다이너재키,02-6953-5055,서울 마포구 포은로 82
107,다포케,070-8836-7872,서울 성동구 연무장길 41
108,닥터로빈 (강서),02-2693-3110,서울 강서구 공항대로 396 (주)귀뚜라미보일러사옥빌딩
109,닥터로빈 (고척),02-2066-8211,서울 구로구 경인로46길 51 귀뚜라미 에너지 크린테니스장 3층
110,닥터로빈 (광화문),02-2251-8510,서울 종로구 종로3길 17
111,닥터로빈 (메리어트파크센터),02-3775-3101,서울 영등포구 여의대로 8 1층 105호
112,닥터로빈 (목동),0507-1401-3101,서울 양천구 오목로 299 목동트라팰리스
113,닥터로빈 (반포),02-537-3621,서울 서초구 고무래로 8 닥터로빈 빌딩
114,닥터로빈 (신세계타임스퀘어),02-2639-4064,서울 영등포구 영중로 9 신세계타임스퀘어점 A관 9층 닥터로빈
115,닥터로빈 (여의도부국),0507-1401-3144,서울 영등포구 국제금융로6길 17 부국증권빌딩 1층
116,닥터로빈 (이대),02-363-3101,서울 서대문구 이화여대길 52
117,닥터로빈 (흑석),02-3280-3103,"서울 동작구 현충로 124 1, 2F"
118,닥터비건,02-543-2030,서울특별시 강남구 도산대로68길 25
119,대두네순두부,,서울 금천구 가산디지털1로 131
120,더 로 바이 트윈스,070-8866-0986,서울 마포구 포은로2가길 6
121,더담백,02-942-0186,서울 성북구 화랑로 210-6
122,더드림,02-508-6777,서울 강남구 강남대로78길 25
123,더드림 (본점),02-567-4323,서울 강남구 언주로85길 13
124,더로열푸드앤드링크,070-7774-4168,서울 용산구 신흥로20길 37
125,더멜팅팟,02-877-1083,서울 관악구 관악로14가길 2
126,더벨로 (개포),02-576-0045,서울 강남구 선릉로 30
127,더벨로 (양재),070-4226-3976,서울 서초구 마방로6길 21
128,더브레드블루 (서초),070-4128-0721,서울시 서초구 서초중앙로8길 17
129,더브레드블루 (신촌),070-4128-0720,서울 마포구 신촌로12다길 3
130,델리인디아,02-2631-2109,서울 마포구 독막로9길 8 2층
131,도란도란,0507-1406-3723,서울 성북구 북악산로 1059 2층
132,도스타코스 (강남역),02-593-5904,서울 서초구 강남대로 455
133,도스타코스 (서울대입구역),02-889-5904,서울 관악구 관악로14길 6
134,도스타코스 (선릉),02-555-4731,서울 강남구 테헤란로69길 10
135,도스타코스 (성균관대),02-3676-3358,서울 종로구 창경궁로29길 5
136,도스타코스 (송파),02-417-3677,서울 송파구 올림픽로 119
137,도스타코스 (시청배달),02-754-0201,서울 중구 서소문로 115
138,도스타코스 (종로),02-737-9127,서울 종로구 삼일대로15길 13
139,도스타코스 (한남),02-797-8525,서울 용산구 한남대로18길 26
140,두란 (롯데백화점 영등포),02-2164-6022,서울 영등포구 경인로 846
141,두르가 (여의도),02-785-4786,서울 영등포구 국제금융로2길 37
142,두르가 (종각),02-720-4786,서울 종로구 종로8길 5
143,두르가 (종로1가),02-733-4786,서울 종로구 종로 19
144,두부공작소 사당직영점,02-587-3646,서울 관악구 남현2길 4
145,두부공작소 신사직영점,02-6339-3646,서울 강남구 강남대로160길 21
146,두잉,02-544-5752,서울 강남구 삼성로 654 B01호
147,두화당 (남영),02-718-8334,서울 용산구 백범로87길 25
148,뒤주르,02-733-8893,서울 종로구 경희궁2길 9-3
149,드도트,02-794-2419,서울특별시 용산구 용산동2가 47-1 1층
150,들풀 (서교동),02-325-7224,서울 마포구 동교로 156-5
151,등꺼비 식당,02-882-2253,서울 관악구 대학14길 18 104호
152,디마떼오,02-747-4444,서울 종로구 동숭길 29
153,디어그린,02-2225-8601,서울 강동구 천호대로 1005 현대백화점천호점 지하 2층
154,디어브레드 (고대),070-7661-4129,서울 성북구 개운사1길 29
155,디저트작업실,0507-1329-1024,서울 성북구 성북로14길 8 1층 디저트작업실
156,또르띠,02-313-3888,서울 서대문구 이화여대7길 31
157,또와또,02-716-6930,서울 용산구 청파로47길 59
158,라그린,02-3789-8005,서울 중구 정동길 26 이화여고100주년기념관
159,라미스콘,070-8855-3455,서울시 관악구 관악로14길 88
160,라뽀즈,02-6080-0027,서울 마포구 양화로6길 60
161,라페름,02-790-6685,서울 용산구 이태원로54길 32
162,러빙헛 스마일,02-578-0512,서울 강남구 논현로6길 18
163,러빙헛 카페,02-576-2158,서울 강남구 개포로22길 35
164,레드라인,070-7604-5686,서울 강북구 삼양로87길 30
165,레스토랑 바이 농축원,02-2278-0111,서울 중구 동호로24길 19
166,로드샌드위치,02-363-4554,서울 서대문구 연대동문길 45 1층 로드샌드위치
167,로라오븐,010-8224-4929,서울 중랑구 사가정로 409 대도빌딩A 1층
168,로봇김밥 (강남고속터미널),02-595-9006,서울 서초구 신반포로 194
169,로봇김밥 (강남역),02-3452-9993,서울 강남구 테헤란로 101
170,로봇김밥 (김포공항),02-2663-9994,서울 강서구 하늘길 112 국내선청사 4층
171,로봇김밥 (롯데월드),02-2143-1261,서울 송파구 올림픽로 240
172,로봇김밥 (세브란스),02-2227-8297,서울 서대문구 연세로 50-1 연세의료원
173,로봇김밥 (신분당선양재역),02-794-9595,서울 서초구 남부순환로 2585
174,로봇김밥 (연대),02-2227-8297,서울 서대문구 연세로 50-1
175,로봇김밥 (현대시티아울렛동대문),02-2283-2236,서울 중구 장충단로13길 20
176,로컬릿,02-2282-1124,서울 성동구 한림말길 33 2층
177,롤링파스타 (강남역씨티),02-557-2223,서울 강남구 테헤란로1길 25
178,롤링파스타 (성신여대),02-927-7779,서울 성북구 동소문로22길 5
179,롯데리아 (GS마트상계),02-2091-0058,서울 노원구 한글비석로 471 LG슈퍼마켓
180,롯데리아 (NC백화점 강서),02-2667-9825,서울 강서구 강서로56길 17 NC백화점 강서점 B1
181,롯데리아 (가든파이브),02-2157-7014,서울 송파구 충민로 66 NC백화점 송파점 가든파이브라이프영관 B1
182,롯데리아 (강남우성사거리0,02-501-4642,서울 강남구 강남대로 334 SM타워
183,롯데리아 (강남일원),02-451-2211,서울 강남구 양재대로55길 21
184,롯데리아 (강동구청DT),02-483-1241,서울 강동구 올림픽로 556 코알라주유소
185,롯데리아 (강변씨네마),02-3424-1274,서울 광진구 광나루로56길 85 테크노-마트21
186,롯데리아 (강변테크노),02-3424-1126,서울 광진구 광나루로56길 85 테크노-마트21
187,롯데리아 (강일),0507-1407-0710,서울 강동구 아리수로93길 33-9 강일프라자
188,롯데리아 (개봉),02-2685-2226,서울 구로구 경인로47길 26
189,롯데리아 (개봉역),02-2615-7275,서울 구로구 개봉동 181-13
190,롯데리아 (개포),02-576-0840,서울 강남구 선릉로 26
191,롯데리아 (건대스타시티),02-2024-1466,서울 광진구 아차산로 262 더샵스타시티 C동
192,롯데리아 (건대역),02-2218-4550,서울 광진구 능동로 110
193,롯데리아 (고덕역),0507-1446-9907,서울 강동구 동남로73길 26 고덕복합빌딩
194,롯데리아 (공릉역),02-977-2430,서울 노원구 동일로192길 27
195,롯데리아 (구로IT),02-2109-6750,서울 구로구 디지털로31길 20
196,롯데리아 (구로디지털역),02-857-7698,서울 관악구 시흥대로 578 광안프라자
197,롯데리아 (구로시장),02-3281-1154,서울 구로구 도림로 73 인성빌딩
198,롯데리아 (구산역),02-387-6094,서울 은평구 연서로 130
199,롯데리아 (구의),02-3436-8042,서울 광진구 강변역로 50 동서울종합터미널
200,롯데리아 (구의역),02-453-1353,서울 광진구 아차산로 370
201,롯데리아 (구파발역),02-384-4500,서울 은평구 진관2로 15-40 구파발역 복합환승센터 1층
202,롯데리아 (군자역),02-461-7075,서울 광진구 천호대로 548
203,롯데리아 (금호),02-2296-2872,서울 성동구 장터길 23
204,롯데리아 (길동),02-475-6084,서울 강동구 성내2동 244-3
205,롯데리아 (길음뉴타운점),02-911-7979,서울 성북구 길음로7길 6 길음뉴타운
206,롯데리아 (김포공항),02-2666-9439,서울 강서구 하늘길 112 김포공항국내선청사4층
207,롯데리아 (까치산역),02-2692-0042,서울 강서구 강서로 35 롯데리아
208,롯데리아 (남부터미널),02-523-1800,서울 서초구 효령로 289 장곡빌딩 103호
209,롯데리아 (남성역),02-588-0992,서울 동작구 사당로 200 1층 롯데리아 남성역점
210,롯데리아 (노량진),02-821-0308,서울 동작구 장승배기로 171?아이비빌딩 1층
211,롯데리아 (노원역),02-932-1756,서울 노원구 상계로 64
212,롯데리아 (녹번),02-388-7973,서울 은평구 은평로 206
213,롯데리아 (답십리),0507-1401-7619,서울 성동구 천호대로 308 인암빌딩
214,롯데리아 (대림역),02-835-2220,서울 영등포구 도림로 148 대림빌딩
215,롯데리아 (대방역),02-849-7688,서울 영등포구 영등포로 416
216,롯데리아 (덕성여대),02-900-9006,서울 강북구 삼양로 507
217,롯데리아 (동대문광장),02-742-5747,서울 종로구 종로 286 이스턴호텔
218,롯데리아 (동대문역사문화공원역),02-2265-0374,서울 중구 을지로 255
219,롯데리아 (동묘역),02-764-5333,서울 종로구 종로 336
220,롯데리아 (뚝섬유원지),02-498-5588,서울 광진구 능동로 7 한강복합빌딩
221,롯데리아 (롯데노원),02-950-2079,서울 노원구 동일로 1414
222,롯데리아 (롯데마트 강변),02-3424-2567,서울 광진구 광나루로56길 85 테크노-마트21
223,롯데리아 (롯데마트 행당역),0507-1439-4202,서울 성동구 행당동 328
224,롯데리아 (롯데마트삼양),02-980-3777,서울 강북구 미아동 833
225,롯데리아 (롯데마트서울양평),02-2069-2195,서울 영등포구 선유로 138
226,롯데리아 (롯데마트송파),02-409-4447,서울 송파구 중대로 80 GS마트
227,롯데리아 (롯데마트중계),02-3391-9711,서울 노원구 노원로 330 롯데마트중계점 B1
228,롯데리아 (롯데백잠실광장),02-2143-1846,서울 송파구 올림픽로 240 지하 1층
229,롯데리아 (롯데백화점 김포공항),02-6116-5420,서울 강서구 하늘길 38 롯데백화점김포공항점 B1
230,롯데리아 (롯데월드),02-3431-7166,서울 송파구 올림픽로 240 1층 롯데월드 스포츠센타
231,롯데리아 (마곡역),0507-1384-8040,서울 강서구 마곡서로 56
232,롯데리아 (마들역),02-938-4604,서울 노원구 동일로 1532 거북빌딩
233,롯데리아 (마천),02-407-6882,서울 송파구 마천로 315?현대그린빌
234,롯데리아 (망우),02-493-6944,서울 중랑구 봉우재로 239 천우빌딩
235,롯데리아 (면목중앙),02-439-8245,서울 중랑구 면목로 415
236,롯데리아 (명지대학),02-302-5959,서울 서대문구 거북골로 31
237,롯데리아 (목동),02-2061-5455,서울 양천구 신목로 72
238,롯데리아 (목동사거리),02-2644-7800,서울 양천구 등촌로 28
239,롯데리아 (목동킴스클럽),02-2644-3994,서울 양천구 목동동로 309
240,롯데리아 (목동행복한백화점),02-6678-3651,서울 양천구 목동동로 309
241,롯데리아 (문정로데오),02-448-3232,서울 송파구 동남로 134 명노빌딩
242,롯데리아 (미아삼거리),02-945-4162,서울 성북구 도봉로 29
243,롯데리아 (발산역),02-3665-8382,서울 강서구 강서로56길 24
244,롯데리아 (방배역),02-588-1405,서울 서초구 방배로 96 1층
245,롯데리아 (방이역),02-422-1990,서울 송파구 마천로 23
246,롯데리아 (방학),02-955-9538,서울 도봉구 방학로 173
247,롯데리아 (방화),02-2661-3388,서울 강서구 양천로 73 멤브로메디컬센터
248,롯데리아 (번동DT),02-998-3330,서울 강북구 한천로 963
249,롯데리아 (보광),02-792-9663,서울 용산구 보광로 24
250,롯데리아 (보라매타운),02-849-9186,서울 동작구 보라매로5길 35
251,롯데리아 (보문역),02-921-4542,서울 성북구 보문로 99
252,롯데리아 (봉천),02-885-3274,서울 관악구 관악로 212 관악프라자
253,롯데리아 (봉천역),02-889-1305,서울 관악구 남부순환로 1724
254,롯데리아 (불광),02-383-4553,서울 은평구 통일로 741 이연빌딩
255,롯데리아 (사가정역),02-438-0811,서울 중랑구 면목로 333 조희중산부인과의원
256,롯데리아 (사당),02-522-3530,서울 서초구 동작대로 24
257,롯데리아 (삼양사거리),02-980-0706,서울 강북구 솔샘로 237
258,롯데리아 (상계),02-930-9912,서울 노원구 한글비석로 369 코끼리약국
259,롯데리아 (상봉역),050-7984-4222,서울 중랑구 망우로 282-1
260,롯데리아 (상일동),02-441-3888,서울 강동구 상일로 33
261,롯데리아 (서대문역),02-312-9760,서울 서대문구 통일로 127
262,롯데리아 (서울대),02-877-8444,서울 관악구 관악로 1
263,롯데리아 (서울대입구역),02-883-6816,서울 관악구 관악로 165
264,롯데리아 (서울역광장),02-393-8781,서울 용산구 한강대로 405
265,롯데리아 (서울역사),02-393-9375,서울 용산구 한강대로 405
266,롯데리아 (석계),02-909-3937,서울 노원구 화랑로 325 우현빌딩
267,롯데리아 (석관),02-968-1149,서울 성북구 돌곶이로 75
268,롯데리아 (선릉),0507-1423-5939,서울 강남구 테헤란로 316 메트라이프타워
269,롯데리아 (성대시장),02-822-8303,서울 동작구 상도로 102 성대시장
270,롯데리아 (성수역),,서울 성동구 아차산로7길 28 성수쇼핑센터
271,롯데리아 (성신여대),02-922-0902,서울 성북구 동소문로 117
272,롯데리아 (세곡),02-459-9999,서울 강남구 헌릉로 569
273,롯데리아 (세이브마트),02-830-2080,서울 관악구 난곡로 220 세이브마트
274,롯데리아 (소공2호),02-756-7858,서울 중구 을지로 30 롯데백화점 본점 지하 1층
275,롯데리아 (송파),02-412-8401,서울 송파구 가락로 16 파인힐빌딩
276,롯데리아 (송파삼전),02-413-1260,서울 송파구 백제고분로 254 유림빌딩
277,롯데리아 (송파하비오),02-449-3391,"서울 송파구 송파대로 111 205동 115,116,118호"
278,롯데리아 (수락산역),02-931-4501,서울 노원구 동일로 1668
279,롯데리아 (수서역),02-459-9424,서울 강남구 밤고개로 99
280,롯데리아 (숙대입구역),02-718-9861,서울 용산구 한강대로 283?
281,롯데리아 (숭실대입구역),02-826-9935,서울 동작구 상도로 352
282,롯데리아 (신곡시장),02-2275-7997,서울 양천구 신월로 164
283,롯데리아 (신당역),02-2233-2930,서울 중구 퇴계로 428-1
284,롯데리아 (신도림역),02-3439-8100,서울 구로구 경인로 661 신도림1차푸르지오
285,롯데리아 (신림녹두),0507-1498-4002,서울 관악구 신림로23길 16 1층
286,롯데리아 (신림역),02-888-0702,서울 관악구 남부순환로 1610
287,롯데리아 (신방화역),0507-1390-5600,서울 강서구 마곡중앙5로 81
288,롯데리아 (신정네거리),02-2608-1712,서울 양천구 중앙로 277
289,롯데리아 (쌍문역),02-995-6263,서울 도봉구 도봉로 484
290,롯데리아 (아차산역),02-453-6535,서울 광진구 천호대로 665
291,롯데리아 (암사역),02-426-4800,서울 강동구 올림픽로 792
292,롯데리아 (양재동),02-577-4618,서울 서초구 동산로 22
293,롯데리아 (언더랜드),02-411-0539,서울 송파구 올림픽로 240 지하 1층 Y-39호
294,롯데리아 (여의도선착장),02-786-7531,서울 영등포구 여의동로 280
295,롯데리아 (역삼),02-3453-4054,서울 강남구 테헤란로 116 동경빌딩
296,롯데리아 (염창),02-3662-1333,서울 강서구 양천로 657 우계상가
297,롯데리아 (영등포롯데),02-2631-3433,서울 영등포구 경인로 846 롯데백화점 영등포점 지하1층
298,롯데리아 (영등포역사),02-2632-4157,서울 영등포구 경인로 846 롯데백화점 영등포점 3층
299,롯데리아 (영등포타임스퀘어B2),02-2677-0501,서울 영등포구 영중로 15 타임스퀘어 B2 B209
300,롯데리아 (오금),02-3012-8718,서울 송파구 동남로 313
301,롯데리아 (오류동역),02-2613-3005,서울 구로구 경인로20길 10 1층
302,롯데리아 (왕십리역),0507-1376-7111,서울 성동구 왕십리광장로 17
303,롯데리아 (외대역),02-963-8855,서울 동대문구 휘경로 5-1
304,롯데리아 (용산역사),02-2012-0430,서울 용산구 한강대로23길 55 용산민자역사
305,롯데리아 (용산역사ST),02-749-1258,서울 용산구 한강대로23길 55
306,롯데리아 (응암),02-357-7184,서울 은평구 은평로 136 은경빌딩
307,롯데리아 (응암오거리),02-308-9341,서울 은평구 응암로 177
308,롯데리아 (이대),02-312-3468,서울 서대문구 이화여대길 59 1층
309,롯데리아 (이수역),02-594-1199,서울 동작구 동작대로 129
310,롯데리아 (잠실롯데월드몰B1),02-3213-4785,서울 송파구 올림픽로 300 롯데월드몰 B1
311,롯데리아 (잠실새내),02-413-1260,서울 송파구 올림픽로 114
312,롯데리아 (잠실아이스링크),02-411-0621,서울 송파구 올림픽로 240
313,롯데리아 (장안사거리),02-2245-9730,서울 동대문구 답십리로 287
314,롯데리아 (정릉),02-942-9115,서울 성북구 보국문로8길 4
315,롯데리아 (제기역),02-928-4455,서울 동대문구 왕산로 86
316,롯데리아 (종암),02-921-5222,서울 성북구 종암로 93
317,롯데리아 (중곡),02-463-9677,서울 광진구 면목로 136 창원빌딩
318,롯데리아 (중랑역),02-2208-2544,서울 중랑구 망우로 192
319,롯데리아 (중앙대),02-817-3200,서울 동작구 흑석로 110-1
320,롯데리아 (중화역),02-496-8028,서울 중랑구 동일로 802
321,롯데리아 (창동역),02-900-2033,서울 도봉구 노해로63길 78
322,롯데리아 (창천),0507-1323-8884,서울 서대문구 신촌로 15
323,롯데리아 (천왕역),02-2686-8077,서울 구로구 오리로 1149
324,롯데리아 (천호역),02-488-7165,서울 강동구 올림픽로 654 삼영빌딩
325,롯데리아 (청량리),02-965-5953,서울 동대문구 왕산로 209
326,롯데리아 (청량리),02-965-5953,서울 동대문구 왕산로 209
327,롯데리아 (청량리역),0507-1330-5433,서울 동대문구 왕산로 214 청량리역사 3층
328,롯데리아 (캐슬플라자),02-2146-2227,서울 송파구 올림픽로 269 롯데캐스잠실점 지하 1층
329,롯데리아 (키자니아),070-4015-2596,서울 송파구 올림픽로 240 2층
330,롯데리아 (학동역),02-3443-9200,서울 강남구 학동로 219 국제빌딩
331,롯데리아 (한성대입구역),02-763-8869,서울 성북구 동소문로 2
332,롯데리아 (혜화),02-741-1956,서울 종로구 창경궁로 273
333,롯데리아 (홈플러스 강서),02-3663-4301,서울 강서구 화곡로 398 홈플러스강서점 1F
334,롯데리아 (홈플러스 남현),0507-1363-8917,서울 관악구 과천대로 909 남현프라자
335,롯데리아 (홈플러스방학),02-3492-8182,서울 도봉구 도봉로 678 홈플러스데스코㈜방학점
336,롯데리아 (홈플러스상봉),02-433-1120,서울 중랑구 망우로 353 홈플러스상봉점 1F
337,롯데리아 (홈플러스신내),02-3423-1515,서울 중랑구 신내로 201 홈플러스서울신내점
338,롯데리아 (홈플러스영등포),02-2678-5250,서울 영등포구 당산로 42
339,롯데리아 (홈플러스월곡),02-915-1681,서울 성북구 화랑로 76
340,롯데리아 (홈플러스중계),02-3296-0168,서울 노원구 동일로204가길 12 홈플러스중계점 B2
341,롯데리아 (홍은포방),02-391-5550,서울 서대문구 홍은중앙로 100 1층
342,롯데리아 (화곡시장),02-2602-9160,서울 강서구 가로공원로76길 56 최인제내과의원
343,롯데리아 (화곡역),0507-1356-3311,서울 강서구 화곡로 157 1층 롯데리아
344,롯데리아 (후암),02-318-1599,서울 용산구 후암로 54
345,르베지왕,0507-1432-0984,서울 성동구 왕십리로2길 30
346,르알레스카 가로수길(Le ALASKA),02-546-5872,서울 강남구 압구정로14길 15
347,리밍,02-3453-4788,서울 강남구 테헤란로37길 27
348,릴리베이커리,0507-1423-0888,서울 광진구 능동로13길 21 1층 릴리베이커리
349,마나님레시피(계동마나님),02-722-2337,서울 종로구 윤보선길 65
350,마녀샐러드 (역삼),02-568-8874,서울 강남구 강남대로94길 75
351,마루 자연식김밥,02-2223-2565,서울특별시 종로구 인사동길 35-4 105호
352,마리오네,0507-1381-6779,서울 성동구 성수이로12길 15 1층
353,마마미베이커리,02-971-1354,서울 노원구 한글비석로 405
354,마을찻집 마주이야기,070-8615-6011,서울 강북구 인수봉로55길 10
355,마이클식당,,서울 마포구 포은로6길 39
356,마지,02-536-5228,서울 종로구 자하문로5길 19
357,마치래빗 (상암),02-6393-5205,서울 마포구 월드컵북로 402
358,마치래빗 (신사),070-4531-4514,서울 강남구 논현로153길 45
359,마켓온오프 성수,02-497-3535,서울 성동구 서울숲2길 43
360,마히나 비건 테이블,070-4105-5331,서울 강남구 논현로175길 75 2층
361,만리장성,02-736-6679,서울 종로구 우정국로 42-2
362,머노까머나 (대학로),02-763-8850,서울 종로구 창경궁로 236 이화빌딩
363,머노까머나 (신촌),02-338-4343,서울 서대문구 연세로11길 13
364,메밀부엌,02-938-1582,서울 노원구 노해로 491 109호
365,메이크샐러드,02-960-2231,서울 동대문구 휘경로2길 16
366,메종데쎄종,,서울 종로구 필운대로2길 25
367,메종드비건,010-2210-7890,서울 마포구 와우산로11길 9-8
368,멜라,0507-1338-6222,서울 마포구 월드컵북로 352-10 1층
369,명동칼국수,02-539-2898,서울 강남구 테헤란로 124
370,명동칼국수샤브샤브 (역삼디오빌),02-2193-6060,서울 강남구 언주로 427
371,모던김밥,02-739-4930,서울 종로구 자하문로2길 10
372,모던파머스,02-414-0905,서울 송파구 올림픽로35가길 11
373,모로코코 카페,02-794-8367,서울 용산구 신흥로 34
374,모모메이드,010-5152-9950,서울 양천구 목동로9길 12
375,모스가든,02-546-8532,서울 강남구 논현로139길 12
376,몽크스부처,02-790-1108,서울 용산구 이태원로 228-1
377,몽타이,02-6339-0802,서울 마포구 포은로5길 47
378,무대륙,02-332-8333,서울 마포구 토정로5길 12
379,미니마이즈,0507-1431-1240,서울 용산구 독서당로 65-1 지하1층
380,미당순두부,02-2277-8090,서울 종로구 청계천로 97-12
381,미락,02-501-0310,서울 강남구 언주로107길 43
382,미스터 케밥,0507-1334-1997,서울 용산구 이태원로 192
383,밀과보리,02-747-5145,서울 종로구 창덕궁1길 32
384,밀토니아,010-2690-0683,서울 마포구 월드컵로7길 73
385,바토스 이태원점,02-797-8226,서울 용산구 이태원로15길 1
386,바토스 잠실점,02-2143-7073,서울 송파구 올림픽로 240
387,반기다,0507-1314-6511,서울 종로구 익선동 166-52 반기다
388,반미362 (대치),02-566-3620,서울 강남구 도곡로 458
389,반미362 (센트라스),02-2282-0362,서울 성동구 왕십리로 410 센트라스상가 B동 104호
390,반미리 (이태원 반미점),070-8289-4190,서울 용산구 신흥로 54
391,반미리 (이태원 쌀국수점),070-4042-4190,서울 용산구 신흥로 34
392,발리인망원,02-336-0527,서울 마포구 포은로 67
393,발효카페 큔,,서울 종로구 궁정동 3-18
394,방콕야시장,010-9895-8002,서울 관악구 관악로14길 38
395,베르베르,0507-1410-8094,서울 송파구 오금로18길 14
396,베지그린,02-577-6316,서울 강남구 개포로20길 24-10
397,베지베어,070-7938-7373,서울시 서대문구 신촌역로 22-5
398,베커린,0507-1309-7960,서울 강남구 봉은사로55길 42-8
399,별자리마라탕&훠궈,02-322-0589,서울 마포구 와우산로23길 50 지하1층
400,보난자베이커리 (성수),070-4799-5025,서울 성동구 왕십리로5길 9-2
401,보리보리옥선이 시골밥상 (성북),02-909-4002,서울 성북구 솔샘로1길 19 그린존
402,보울룸 (신촌),02-3145-3085,서울 서대문구 연세로 13 현대백화점 유플렉스 11층
403,복춘정,02-323-4545,서울 마포구 월드컵로21길 18
404,본도시락 (교대역),02-581-2230,서울 서초구 서초대로54길 15
405,본도시락 (신논현역),02-563-4282,서울 강남구 강남대로110길 15
406,본도시락 (역삼초교),02-558-4282,서울 강남구 역삼로7길 7
407,본도시락 (영등포문래),02-2257-8287,서울 영등포구 선유로13길 25
408,본도시락 (차병원사거리),02-562-4282,서울 강남구 봉은사로34길 9
409,본죽 (가재울뉴타운),02-306-6288,서울 서대문구 거북골로 120
410,본죽 (강남구청역),02-540-3777,서울 강남구 선릉로 717
411,본죽 (강남세브란스사거리),02-557-6277,서울 강남구 언주로 314
412,본죽 (강남터미널),02-599-6288,서울 서초구 신반포로 194
413,본죽 (강동구청),02-470-6288,서울 강동구 성내로 4
414,본죽 (강동성심병원),02-471-2973,서울 강동구 성안로 155
415,본죽 (강변테크노마트),02-456-6289,서울 광진구 광나루로56길 29
416,본죽 (강일지구),02-481-6245,서울 강동구 아리수로93길 33
417,본죽 (개롱역),02-400-6113,서울 송파구 오금로 414
418,본죽 (개포동),02-3462-6233,서울 강남구 선릉로 40
419,본죽 (개포동역),02-445-6288,서울 강남구 개포로 510
420,본죽 (거여동),02-448-1577,서울 송파구 오금로 508
421,본죽 (경복궁),02-725-6288,서울 종로구 자하문로2길 1
422,본죽 (경복아파트),02-515-2288,서울 강남구 언주로114길 23
423,본죽 (경희대),02-967-6285,서울 동대문구 회기로 143
424,본죽 (계동),02-742-6885,서울 종로구 계동길 15
425,본죽 (공릉),02-976-6280,서울 노원구 섬밭로 134
426,본죽 (공릉원자력병원),02-979-1122,서울 노원구 공릉로4길 6
427,본죽 (관악구청),02-874-6288,서울 관악구 관악로 144
428,본죽 (광운대역),02-914-6285,서울 노원구 광운로 54
429,본죽 (광장동),02-455-2933,서울 광진구 천호대로 808
430,본죽 (교대),02-588-9797,서울 서초구 사임당로 28
431,본죽 (교대역지파이브),02-594-6288,서울 서초구 서초중앙로24길 27
432,본죽 (구로디지털역),02-855-6282,서울 구로구 시흥대로 557
433,본죽 (구반포),02-536-6288,서울 서초구 신반포로 49
434,본죽 (구의),02-455-6282,서울 광진구 자양로 113
435,본죽 (구의시장),02-453-6288,서울 광진구 광나루로 532
436,본죽 (군자역),02-468-5454,서울 광진구 능동로 285
437,본죽 (길동시장),02-474-6233,서울 강동구 양재대로116길 20
438,본죽 (길음뉴타운),02-943-6289,서울 성북구 길음로 74
439,본죽 (길음역),02-941-5888,서울 성북구 동소문로 248
440,본죽 (난곡미성),02-862-6282,서울 관악구 난곡로 219
441,본죽 (남가좌),02-376-6123,서울 서대문구 증가로 128
442,본죽 (남부터미널),02-522-6282,서울 서초구 효령로 303
443,본죽 (남성역),02-595-6288,서울 동작구 사당로 215
444,본죽 (내방역),02-533-6282,서울 서초구 방배로 195
445,본죽 (노원),02-933-8833,서울 노원구 동일로217가길 35
446,본죽 (노원7단지),02-930-5562,서울 노원구 상계로1길 14-11
447,본죽 (녹번),02-387-6288,서울 은평구 은평로 225
448,본죽 (논현),02-540-6915,서울 서초구 신반포로 333
449,본죽 (답십리),02-2217-5288,서울 동대문구 천호대로 313
450,본죽 (대림),02-849-0820,서울 동작구 시흥대로 658
451,본죽 (대방),02-815-6288,서울 동작구 노량진로 48
452,본죽 (대치롯데),02-567-2926,서울 강남구 도곡로 405
453,본죽 (대치은마),02-501-6211,서울 강남구 도곡로 516
454,본죽 (대학로본),02-766-8477,서울 종로구 대학로7길 3
455,본죽 (도봉월드),02-955-5577,서울 도봉구 마들로 650
456,본죽 (도심공항타워),02-2016-7477,서울 강남구 테헤란로87길 36
457,본죽 (독립문),02-392-1288,서울 서대문구 통일로 193
458,본죽 (돌곶이역),02-966-6288,서울 성북구 돌곶이로 65
459,본죽 (동국대제일병원),02-2268-6288,서울 중구 서애로 2
460,본죽 (동대문밀리오레),02-2267-6288,서울 중구 장충단로13길 43
461,본죽 (동묘앞역),02-742-6288,서울 종로구 지봉로 52-1
462,본죽 (동부시장),02-433-9288,서울 중랑구 망우로32길 20
463,본죽 (둔촌동),02-472-8988,서울 강동구 양재대로 1319
464,본죽 (뚝섬),02-462-6288,서울 성동구 왕십리로 114
465,본죽 (뚝섬유원지역),02-497-6288,서울 광진구 능동로 18
466,본죽 (마들역),02-3392-6288,서울 노원구 동일로 1547
467,본죽 (마천동),02-448-8385,서울 송파구 성내천로 236
468,본죽 (망우동),02-496-6288,서울 중랑구 망우로 467
469,본죽 (망우역),02-434-6233,서울 중랑구 망우로 346
470,본죽 (망우우림시장),02-2207-6288,서울 중랑구 용마산로 498
471,본죽 (매봉역),02-575-6245,서울 강남구 남부순환로378길 12
472,본죽 (먹골역),02-975-5288,서울 중랑구 공릉로2길 8
473,본죽 (면목역),02-435-6282,서울 중랑구 겸재로 178
474,본죽 (명동),02-755-3562,서울 중구 명동8가길 6
475,본죽 (명일동),02-429-9939,서울 강동구 동남로73길 13
476,본죽 (명일역),02-429-0888,서울 강동구 양재대로 1626
477,본죽 (문정로데오),02-404-6282,서울 송파구 동남로6길 3
478,본죽 (미아사거리),02-980-6288,서울 성북구 숭인로 70-1
479,본죽 (미아역),02-983-6288,서울 강북구 도봉로 174
480,본죽 (반포),02-535-2229,서울 서초구 고무래로 18-4
481,본죽 (반포KCC),02-512-0882,서울 서초구 주흥길 3
482,본죽 (방배까페골목),02-593-2688,서울 서초구 방배중앙로 196
483,본죽 (방배메트로),02-3487-6233,서울 서초구 효령로 22
484,본죽 (방배상문고),02-521-6288,서울 서초구 명달로 49
485,본죽 (방배역),02-3474-6288,서울 서초구 방배로 104
486,본죽 (방이시장),02-416-6288,서울 송파구 백제고분로48길 12
487,본죽 (방이역),02-423-6233,서울 송파구 마천로 28
488,본죽 (번동),02-985-6233,서울 강북구 오현로32길 28
489,본죽 (보라매),02-849-8814,서울 동작구 보라매로5길 43
490,본죽 (보라매역),02-821-2240,서울 동작구 여의대방로 126
491,본죽 (보문역),02-953-6228,서울 성북구 보문로 116
492,본죽 (봉일시장),02-885-6288,서울 관악구 은천로 38-1
493,본죽 (봉천),02-873-0352,서울 관악구 남부순환로 1741
494,본죽 (봉화산역),02-3422-3445,서울 중랑구 신내로 211
495,본죽 (사가정역),02-434-6288,서울 중랑구 사가정로 407
496,본죽 (사당),02-3474-4949,서울 동작구 동작대로 43
497,본죽 (삼성차관아파트),02-555-0686,서울 강남구 봉은사로 474
498,본죽 (삼양사거리),02-980-6233,서울 강북구 삼양로 167
499,본죽 (삼전동),02-424-6282,서울 송파구 백제고분로 202
500,본죽 (상계백병원),02-951-8849,서울 노원구 동일로 1356
501,본죽 (상계보람),02-931-6288,서울 노원구 한글비석로 463
502,본죽 (상계역),02-933-6288,서울 노원구 덕릉로 699
503,본죽 (서림),02-877-6288,서울 관악구 신림로 210-1
504,본죽 (서소문),02-776-3221,서울 중구 세종대로11길 42 부림빌딩
505,본죽 (서울금호),02-2252-6233,서울 성동구 독서당로 311
506,본죽 (서울대입구역),02-889-6288,서울 관악구 관악로 237
507,본죽 (서울백병원),070-8875-5150,서울 중구 마른내로 14
508,본죽 (서초구청),02-585-1220,서울 서초구 남부순환로 2561
509,본죽 (서초우체국),02-572-8277,서울 서초구 동산로 14
510,본죽 (석계역),02-912-3434,서울 노원구 석계로 11-1
511,본죽 (선릉역),02-556-6288,서울 강남구 선릉로93길 26
512,본죽 (성균관대),02-765-6288,서울 종로구 창경궁로 247
513,본죽 (성수역),02-499-6282,서울 성동구 아차산로7길 15
514,본죽 (성수힐스테이트),02-465-4372,서울 성동구 성수일로4길 37
515,본죽 (세곡),02-451-6288,서울 강남구 헌릉로569길 9
516,본죽 (세브란스직영),02-2227-7812,서울 서대문구 연세로 50-1
517,본죽 (송파),02-414-3364,서울 송파구 가락로 176
518,본죽 (송파가락),02-400-5515,서울 송파구 송파대로30길 16
519,본죽 (송파석촌),02-425-6282,서울 송파구 송파대로 451
520,본죽 (송파엄마손),02-424-6289,서울 송파구 가락로 113
521,본죽 (송파위례중앙),02-401-6288,서울 송파구 위례광장로 136
522,본죽 (수서),02-2040-6252,서울 강남구 밤고개로1길 10
523,본죽 (수유),02-908-6233,서울 강북구 한천로 1043
524,본죽 (숙대입구역),02-712-6282,서울 용산구 청파로45길 36
525,본죽 (숭실대역),02-817-6288,서울 동작구 상도로 351
526,본죽 (신금호역),02-6928-7770,서울 성동구 금호산길 59
527,본죽 (신길),02-833-6288,서울 영등포구 도신로 227
528,본죽 (신길사러가쇼핑),02-834-4225,서울 영등포구 신길로 155
529,본죽 (신길성애병원옆),02-834-8959,서울 영등포구 영등포로84길 12
530,본죽 (신내),02-433-6288,서울 중랑구 봉화산로 203
531,본죽 (신당동),02-2254-0605,서울 중구 다산로36길 30
532,본죽 (신대방삼거리역),02-825-6288,서울 동작구 상도로 77
533,본죽 (신대방역),02-853-6288,서울 관악구 신사로 94
534,본죽 (신림고시촌),02-887-6288,서울 관악구 대학길 30
535,본죽 (신림녹두거리),02-888-6233,서울 관악구 호암로 598
536,본죽 (신림역),02-887-6233,서울 관악구 신림로 309
537,본죽 (신사),02-549-6233,서울 강남구 도산대로11길 5
538,본죽 (신설동),02-921-0942,서울 동대문구 천호대로 23
539,본죽 (신창),02-993-6288,서울 도봉구 덕릉로 250
540,본죽 (신천),02-2202-6288,서울 송파구 올림픽로 119
541,본죽 (신풍역),02-841-6288,서울 영등포구 신풍로 77
542,본죽 (쌍문),02-908-6282,서울 도봉구 도당로 14
543,본죽 (쌍문한일병원),02-903-6288,서울 도봉구 도봉로109길 58
544,본죽 (아차산),02-458-6288,서울 광진구 자양로 283
545,본죽 (암사롯데팰리스),02-442-6288,서울 강동구 고덕로 140
546,본죽 (암사역),02-427-6288,서울 강동구 상암로 44
547,본죽 (압구정로데오),02-514-6233,서울 강남구 압구정로 330
548,본죽 (압구정역),02-3443-8245,서울 강남구 압구정로 151
549,본죽 (약수역),02-2231-6288,서울 중구 다산로 129-1
550,본죽 (양재은광여고),02-579-6277,서울 강남구 남부순환로361길 9
551,본죽 (여의도KBS),02-784-7280,서울 영등포구 의사당대로 38
552,본죽 (역삼역),02-539-6234,서울 강남구 봉은사로30길 78
553,본죽 (역삼특허청),02-501-3993,서울 강남구 테헤란로14길 8
554,본죽 (연대대신동),02-362-8684,서울 서대문구 연대동문길 71
555,본죽 (영등포로터리),02-2635-6882,서울 영등포구 영등포로 195-1
556,본죽 (영등포역),02-831-6288,서울 영등포구 영신로19길 30-3
557,본죽 (오금),02-407-6288,서울 송파구 중대로23길 20
558,본죽 (올림픽),02-448-1688,서울 송파구 양재대로 1222
559,본죽 (왕십리),02-2282-6288,서울 성동구 왕십리로 330
560,본죽 (외대),02-969-6288,서울 동대문구 이문로 100
561,본죽 (용두),02-959-6288,서울 동대문구 고산자로 420
562,본죽 (용문동),02-702-6288,서울 용산구 새창로 110
563,본죽 (우면),02-578-6288,서울 서초구 바우뫼로7길 8
564,본죽 (우이사거리),02-990-6282,서울 강북구 삼양로 423
565,본죽 (월계),02-972-6233,서울 노원구 월계로 370
566,본죽 (월곡),02-942-6288,서울 성북구 오패산로 46 월곡두산위브아파트
567,본죽 (위생병원),02-2212-6286,서울 동대문구 망우로21가길 4
568,본죽 (이대),02-362-6282,서울 서대문구 이화여대1길 9
569,본죽 (이수),02-534-6388,서울 동작구 동작대로27길 18
570,본죽 (인사동),02-722-6288,서울 종로구 인사동길 51-2
571,본죽 (인왕산),02-723-6288,서울 서대문구 통일로 404
572,본죽 (일원),02-3411-6777,서울 강남구 일원로 43
573,본죽 (자양동),02-3436-6288,서울 광진구 뚝섬로 642
574,본죽 (잠실나루역),02-415-6288,서울 송파구 올림픽로 435
575,본죽 (잠원),02-3482-6288,서울 서초구 나루터로 42
576,본죽 (장승배기역),02-821-6288,서울 동작구 상도로 193
577,본죽 (장안동),02-2245-6245,서울 동대문구 장안벚꽃로 107
578,본죽 (장안동삼거리),02-2246-6288,서울 동대문구 사가정로 229
579,본죽 (전농뉴타운),02-3394-6281,서울 동대문구 답십리로 76
580,본죽 (전농동),02-2245-2377,서울 동대문구 사가정로 136
581,본죽 (정릉),02-943-6268,서울 성북구 보국문로 38
582,본죽 (종로3가),02-762-6288,서울 종로구 돈화문로 31
583,본죽 (종로6가),02-747-6288,서울 종로구 종로39길 10-1
584,본죽 (종암),02-909-6233,서울 성북구 종암로 78
585,본죽 (중계),02-6227-6200,서울 노원구 한글비석로 245
586,본죽 (중계브라운스톤),02-976-6288,서울 노원구 동일로203가길 29
587,본죽 (중곡신성시장),02-452-6233,서울 광진구 긴고랑로 115
588,본죽 (중앙대),02-813-8802,서울 동작구 흑석로 91
589,본죽 (중화역),02-495-6288,서울 중랑구 봉화산로 36
590,본죽 (창동),02-902-4850,서울 도봉구 노해로63가길 12
591,본죽 (천호로데오),02-488-6288,서울 강동구 천호대로 1033
592,본죽 (천호초교),02-476-6233,서울 강동구 구천면로 300
593,본죽 (청담),02-540-0779,서울 강남구 학동로 441
594,본죽 (청담프리마),02-516-4588,서울 강남구 도산대로 521
595,본죽 (청량리),02-960-6288,서울 동대문구 홍릉로 12
596,본죽 (충정로역),02-364-6282,서울 중구 청파로 464
597,본죽 (코엑스몰),02-2016-7477,서울 강남구 봉은사로 524
598,본죽 (평창),02-391-6188,서울 종로구 평창12길 3
599,본죽 (풍납동),02-484-6288,서울 송파구 토성로 52
600,본죽 (하계),02-976-3361,서울 노원구 노원로 248
601,본죽 (학동역),02-515-9533,서울 강남구 학동로 165
602,본죽 (한남순천향병원),02-792-9148,서울 용산구 대사관로 63
603,본죽 (한성대입구),02-741-6233,서울 성북구 삼선교로 8
604,본죽 (한양대),02-2296-0545,서울 성동구 마조로 25
605,본죽 (행당동),02-2282-0355,서울 성동구 행당로 101
606,본죽 (홍은1동),02-302-6288,서울 서대문구 홍은중앙로 103
607,본죽 (홍은서대문구청),02-391-5006,서울 서대문구 연희로 267
608,본죽 (홍제),02-396-8340,서울 서대문구 통일로 427
609,본죽 (화랑대역),02-972-6288,서울 노원구 노원로1길 67
610,본죽 (화양사거리),02-464-6282,서울 광진구 광나루로 341
611,본죽 (황학동롯데캐슬),02-2048-6288,서울 중구 청계천로 400
612,본죽 (회현역),02-778-6288,서울 중구 퇴계로 72
613,본죽&비빔밥cafe (강남역),02-525-6653,서울 서초구 서초대로78길 36
614,본죽&비빔밥cafe (건대),02-469-6288,서울 광진구 능동로 95
615,본죽&비빔밥cafe (고려대),02-921-7921,서울 성북구 인촌로 90
616,본죽&비빔밥cafe (관악우체국),02-883-6282,서울 관악구 남부순환로 1631-1
617,본죽&비빔밥cafe (광화문),02-733-6288,서울 종로구 새문안로 105
618,본죽&비빔밥cafe (굽은다리역),02-442-6233,서울 강동구 상암로 195
619,본죽&비빔밥cafe (노량진),02-3280-6288,서울 동작구 만양로 81
620,본죽&비빔밥cafe (돈암동),02-928-8477,서울 성북구 아리랑로 6-1
621,본죽&비빔밥cafe (둔촌보훈병원),02-478-6288,서울 강동구 진황도로 189
622,본죽&비빔밥cafe (명동2호),02-778-3562,서울 중구 명동9길 10
623,본죽&비빔밥cafe (반포서래),02-537-6288,서울 서초구 서래로 31
624,본죽&비빔밥cafe (서초법원),02-525-2909,서울 서초구 반포대로30길 53
625,본죽&비빔밥cafe (선릉),02-566-7763,서울 강남구 선릉로 424
626,본죽&비빔밥cafe (성신여대),02-953-3500,서울 성북구 보문로34길 51
627,본죽&비빔밥cafe (시청),02-771-6388,서울 중구 세종대로 80
628,본죽&비빔밥cafe (신촌),02-312-6288,서울 서대문구 연세로 20
629,본죽&비빔밥cafe (여의도역),02-780-6288,서울 영등포구 여의나루로 42
630,본죽&비빔밥cafe (연세암병원),02-2227-8280,서울 서대문구 연세로 50-1
631,본죽&비빔밥cafe (연희),02-324-8866,서울 서대문구 연희맛로 18
632,본죽&비빔밥cafe (잠실),02-3432-6288,서울 송파구 올림픽로35길 112
633,본죽&비빔밥cafe (잠실레이크팰리스),02-418-6233,서울 송파구 석촌호수로 138
634,본죽&비빔밥cafe (장지파인타운),02-443-6288,서울 송파구 충민로2길 24
635,본죽&비빔밥cafe (장한평역),02-2244-6211,서울 동대문구 천호대로 427-4
636,본죽&비빔밥cafe (종각역),02-730-6388,서울 종로구 종로 73
637,본죽&비빔밥cafe (태릉입구역),02-974-0101,서울 노원구 동일로 992
638,본죽&비빔밥cafe (포이),02-579-0888,서울 서초구 마방로10길 18-1
639,본죽&비빕밥 (낙성대),02-874-6233,서울 관악구 솔밭로 2
640,불티나 이모네전,02-307-1003,서울 은평구 응암로4길 24 1층 3호
641,브레드피트,02-782-0102,서울 영등포구 국제금융로 86 롯데캐슬 아이비
642,브레라,02-2236-0770,서울 중구 동호로17길 295
643,블렌드랩,010-6831-2411,서울 강남구 언주로113길 14
644,비건이삼 (비건23),0507-1363-4460,서울 강남구 삼성로115길 40 1층
645,비건키친,0507-1325-7057,서울시 서대문구 연희로 26가길 15 장영빌딩 2층
646,비글루 (V glue),070-4409-0512,서울 용산구 한강대로 276-2 2층
647,비비빔,02-336-0174,서울 마포구 동교로19길 96 1층
648,비스코티앤파이,02-3789-5949,서울 용산구 후암로 73
649,비터스윗,02-843-3956,서울 영등포구 영등포로 397-1
650,사우스사이드팔러,02-749-9522,서울 용산구 녹사평대로 218
651,산촌,02-553-5293,서울 강남구 언주로71길 5-10
652,산타비,02-303-0039,서울 서대문구 이화여대7길 10
653,삼미제면,010-6838-2778,서울 관악구 관악로14길 50
654,삼삼오오커피공작소,0507-1319-8629,서울 마포구 월드컵북로12길 20
655,샐러데이 (고려대),02-6093-5449,서울 성북구 개운사길 45
656,샐러데이 (수유),02-996-8885,서울 강북구 삼양로 500-3 1층
657,샐러데이 (종로),010-7590-3341,서울 종로구 사직로8길 4 지하1층 푸드코트 7호
658,샐러데이 (중랑),070-7797-6999,서울 중랑구 겸재로3길 22
659,샐러데이 (한성대),0507-1332-7066,서울 성북구 성북로4길 52 1층
660,샐러드 보투아,070-7701-9874,"서울 송파구 석촌호수로 140 지하1층 109호(삼전동,잠실레이크타워)"
661,샐러디 (가양역),0507-1358-0811,서울 강서구 양천로 500 등촌동노블리움오피스텔 113호
662,샐러디 (강남역),02-557-6738,서울 강남구 강남대로84길 23
663,샐러디 (건대역),02-465-6191,서울 광진구 아차산로34길 5-3
664,샐러디 (교대역),02-588-1659,서울 서초구 서초대로54길 15
665,샐러디 (국민대),02-910-4969,서울 성북구 정릉로 77 국민대학교 종합복지관 b105호
666,샐러디 (당산역),02-2632-0653,서울 영등포구 당산로 214
667,샐러디 (덕수궁롯데캐슬),02-778-0828,서울 중구 서소문로9길 28
668,샐러디 (롯데마트서울양평),070-7761-4811,서울 영등포구 선유로 138
669,샐러디 (마곡나루역),02-3663-2133,서울 강서구 마곡중앙5로 6 107호
670,샐러디 (마곡발산역),02-2643-9143,서울 강서구 공항대로 269-15 1층 104호
671,샐러디 (문래동),02-2633-5025,서울 영등포구 문래로 84
672,샐러디 (문정엠스테이트),02-6177-9210,서울 송파구 법원로 114
673,샐러디 (보라매),02-832-7008,서울 동작구 보라매로5길 43
674,샐러디 (삼성),02-2191-5071,서울 강남구 삼성로96길 6
675,샐러디 (서울스퀘어),02-6456-8855,서울 중구 한강대로 416
676,샐러디 (선릉),02-556-4066,서울 강남구 선릉로93길 26
677,샐러디 (선유도역),02-2632-6297,서울 영등포구 양평로21길 3
678,샐러디 (숙명여대),02-6465-2339,서울 용산구 청파로47길 67
679,샐러디 (신용산),02-790-8929,서울 용산구 한강대로 95 지하1층 B124호
680,샐러디 (역삼),02-565-4066,서울 강남구 논현로85길 13
681,샐러디 (연세대),02-312-8696,서울 서대문구 연세로 50-1
682,샐러디 (이화여대),02-313-0577,서울 서대문구 이화여대길 52
683,샐러디 (익스프레스 압구정),02-516-3321,서울 강남구 압구정로 144
684,샐러디 (종로광교),02-732-1127,서울 종로구 청계천로 61
685,샐러디 (충무로역),02-2275-1571,서울 중구 서애로1길 11
686,샐러디 (한양대),02-2298-0128,서울 성동구 마조로 24
687,샐러디치오도씨,02-421-5556,서울 송파구 송파대로48길 7
688,샐러마리,02-6104-9105,서울 마포구 희우정로 93 1층
689,서촌가락,02-739-5559,서울 종로구 자하문로7길 59
690,선동보리밥,02-743-2096,서울 성북구 성북로 134-4
691,세아마라탕,02-363-8860,서울 서대문구 이화여대길 16
692,세향마라탕,0507-1356-8860,서울 강동구 천호대로155길 11
693,셰발레리,02-6013-0269,서울 마포구 포은로 52
694,소소하게,02-465-5554,서울 성동구 성덕정길 27 1층
695,소이로움,02-586-8088,서울 종로구 필운대로 41
696,송포어스(song for earth),070-8095-3534,서울 강동구 풍성로35길 34
697,수잔네 허브식당,02-6339-6042,서울 마포구 월드컵로8길 41
698,수제비와보리밥,02-722-6011,서울 종로구 자하문로5길 4
699,수카라,02-334-5919,서울 마포구 와우산로 157
700,술탄 케밥,02-749-3890,서울 용산구 보광로 126
701,스무디킹 (강남역),02-567-4959,서울 강남구 강남대로 420
702,스무디킹 (강남터미널),02-532-2324,서울 서초구 신반포로 194 경부선 지하 1층
703,스무디킹 (건대입구 롯데시네마),02-444-2775,서울 광진구 아차산로 262 더샵스타시티 2층
704,스무디킹 (논현),02-3446-5912,서울 강남구 강남대로 512
705,스무디킹 (뉴코아강남),02-530-5509,서울 서초구 잠원로 51
706,스무디킹 (롯데몰은평),02-6975-5252,서울 은평구 통일로 1050 롯데몰 2층
707,스무디킹 (롯데월드몰),02-3213-4771,서울 송파구 올림픽로 300 롯데월드몰 B1
708,스무디킹 (삼청동),02-720-2292,서울 종로구 삼청로 68
709,스무디킹 (서울역사),02-313-3393,서울 용산구 한강대로 405 1층
710,스무디킹 (스타필드코엑스몰),02-551-5446,서울 강남구 테헤란로87길 22 B1
711,스무디킹 (신림포도몰),02-881-8333,서울 관악구 신림로 330
712,스무디킹 (영등포타임스퀘어),02-2638-2650,서울 영등포구 영중로 15 타임스퀘어 4층
713,스무디킹 (이대ECC),,서울 서대문구 이화여대길 52
714,스무디킹 (청량리역사),02-3707-1376,서울 동대문구 왕산로 214 3층
715,스무디킹 (파스텔시티),02-582-5552,서울 서초구 방배천로 11 1층
716,스윗밸런스 (샤로수길),02-883-3225,서울 관악구 관악로14길 99
717,스윗밸런스 (신용산),02-6402-3222,서울 용산구 한강대로 95
718,스윗밸런스 (역삼),02-556-3222,서울 강남구 테헤란로25길 9
719,스윗밸런스 (정동길),02-722-3225,서울 종로구 새문안로 42
720,스윗밸런스 (퍼시픽타워),02-318-1260,서울 중구 세종대로9길 41 지하1층
721,스윗솔키친,070-8888-3816,서울 송파구 올림픽로10길 47 2층
722,슬로우브레드 오고,0507-1390-5330,서울 광진구 자양로26길 95
723,슬로우캘리,02-336-0688,서울특별시 마포구 동교로 38길 35
724,써니브레드,010-2262-5282,서울 용산구 우사단로14길 33
725,써니스 멕시칸 키친,070-5033-1306,서울 관악구 봉천로 251 1층
726,쏭타이 (역삼),02-554-0342,서울 강남구 테헤란로39길 51
727,쏭타이 (이태원),02-798-2495,서울 용산구 보광로 111
728,아그라 (서울로),02-6366-1328,서울 중구 퇴계로 18
729,아그라 (센터원),02-6030-8977,서울 중구 을지로5길 26 미래에셋빌딩 지하2층
730,아그라 (이태원),02-797-7262,서울 용산구 이태원로 153
731,아날로그 소사이어티 키친,010-5483-5001,서울 용산구 우사단로2길 19
732,아담스타코,070-7778-6559,서울 용산구 신흥로 44 1층 2호
733,아승지,02-832-7595,서울 영등포구 신길로 176
734,아이엠,02-577-5032,서울 강남구 강남대로48길 25
735,아이엠샐러드,070-7627-7000,서울 마포구 월드컵북로54길 17
736,아틀리에 송,0507-1345-3800,서울 종로구 율곡로6길 23 1층 아틀리에 송
737,아필립,0507-1322-9740,서울 마포구 성미산로 191 1층 아필립
738,알디프 티 바 & 라운지,0507-1315-5033,서울 마포구 와우산로 35길 19 B1-1F
739,앙뗄,0507-1372-9908,서울 마포구 동교로41길 10
740,앞으로의빵집,010-3910-7498,서울 종로구 삼일대로32가길 29-1
741,애프터 저크 오프 (After Jerk Off),070-4249-5032,서울 중구 수표로 42-21
742,얌미타이 (Yummy Thai),02-790-0371,서울 강북구 오패산로31길 43
743,어게인리프레쉬 (가로수길),02-511-1374,서울 강남구 논현로153길 57
744,어게인리프레쉬 (연남),02-337-2298,서울 마포구 양화로21길 15
745,어글리스토브 (상봉),02-433-8459,서울 중랑구 상봉로 131 1층
746,어글리스토브 (신논현강남역),02-558-8459,서울 강남구 강남대로98길 20
747,어니스트그린,010-2674-4701,서울 서초구 효령로77길 34
748,어반도투리,02-714-3202,서울 마포구 백범로 152
749,언니네반점,02-953-7878,서울 성북구 인촌로27길 42
750,언플러그드,070-4200-9251,서울 마포구 와우산로33길 26
751,엄마식탁,0507-1302-1721,서울 서대문구 연희맛로 17-21
752,에베레스트 (동대문 굿모닝씨티),02-2118-8898,서울 중구 장충단로 247
753,에베레스트 (동대문),02-766-8850,서울 종로구 종로51가길 2-1
754,에베레스트 (영등포),02-3667-8848,서울 영등포구 경인로 838-1
755,에베레스트 (종로),02-766-8850,서울 종로구 종로51가길 2-1
756,에이투지카페 (SFC),02-318-5129,서울 중구 세종대로 136
757,엔와이84.8,02-790-9103,서울 용산구 한강대로 268
758,엔조,02-875-0807,서울 관악구 관악로 154 대도빌딩
759,엘리펀트키친,02-878-0077,서울 관악구 관악로14길 15
760,역삼정,02-539-7107,서울 강남구 역삼로19길 31
761,연우김밥,02-323-0065,서울 마포구 와우산로 31
762,연우김밥 (성산),02-336-4522,서울 마포구 성미산로 17
763,열매정원,0507-1325-3025,서울 송파구 석촌호수로 135 상가a동 2층 208호
764,옛살비 강된장,02-2244-3995,서울 동대문구 전농로 38
765,오곡당,02-564-5111,서울 강남구 테헤란로19길 19
766,오샬 (커리146),,서울 성북구 고려대로24길 6
767,오세계향,02-735-7171,서울 종로구 인사동12길 14-5
768,옥루몽 (신촌본점),02-312-0015,서울 서대문구 연대동문길 18
769,옥루몽 (어린이 대공원점),02-466-9700,서울 광진구 능동로 183
770,온더보더 (광화문D타워),02-2251-8282,서울 종로구 종로3길 17
771,온더보더 (롯데몰김포공항),02-6116-5182,서울 강서구 하늘길 38
772,온더보더 (롯데월드몰),02-3213-4615,서울 송파구 올림픽로 300
773,온더보더 (여의도IFC),02-6137-5682,서울 영등포구 국제금융로 10
774,온더보더 (이태원),02-792-0682,서울 용산구 이태원로 211
775,온더보더 (코엑스도심공항),02-565-0682,서울 강남구 테헤란로87길 22
776,온더보더 (타임스퀘어),02-2672-0682,서울 영등포구 영중로 15
777,온마을,02-738-4231,서울 종로구 삼청로 127
778,올드델리 (노원),02-935-6689,서울 노원구 노해로85길 14
779,올드델리 (수유),02-907-6688,서울 강북구 도봉로 355
780,완차이,02-392-0302,서울 서대문구 명물길 50-7
781,왓어바웃 롤,070-7707-5145,서울 강남구 학동로43길 38
782,왕타이,02-749-2746,서울 용산구 이태원로 151
783,요띠드,070-7633-2500,서울 동대문구 천장산로7길 26-2
784,요요의 부엌,0507-1387-0616,서울 강북구 한천로 1163 2층
785,우부래도,070-7543-0599,서울특별시 동작구 상도로37길 3
786,원더로우,010-5170-7847,서울시 관악구 관악로12길 105
787,원슈가데이,02-355-0536,서울 은평구 연서로 455
788,위샐러듀,02-363-0113,서울 서대문구 이화여대길 52-31
789,이드,070-8899-8210,서울 용산구 우사단로10길 67
790,이뮤 베이크샵,0507-1366-7665,서울 마포구 양화로6길 57-13 2층 202호
791,이밥,02-744-2325,서울 종로구 창덕궁1길 29
792,이웃집 영준이,010-8220-2804,서울 용산구 한강대로87길 7-6
793,이찌밥,02-363-7090,서울 중구 서소문로 38
794,이탈리안 비스트로 쿠오레,02-951-0307,서울 노원구 동일로218길 29 204호
795,이화성,0507-0493-5846,서울 서대문구 이화여대길 50-8
796,인도야시장,02-553-4568,서울 강남구 강남대로96길 11-4
797,인딕슬로우 (송파),02-423-0100,서울 송파구 백제고분로45길 28 벤도치빌딩2층
798,잇스파이스,0507-1323-8754,서울 서초구 서초대로77길 7 서초빌딩 2층
799,잇츠 파스타,0507-1433-2122,서울 은평구 은평로 193 1층 103호
800,잇파스타,0507-1366-7333,서울 양천구 은행정로3길 3-1
801,자연밥상,02-960-4369,서울 동대문구 천장산로 39
802,자하손만두,02-379-2648,서울 종로구 백석동길 12
803,작은인디아 (리틀인디아),02-730-5528,서울 종로구 인사동길 27
804,작지만 카페,0507-1387-8859,서울 노원구 동일로 237가길 56 101호
805,재동순두부,02-747-0011,서울 종로구 북촌로2길 6
806,전골떡볶이 덕미가,02-313-0058,서울 서대문구 이화여대길 26
807,전환마을 부엌밥풀꽃,02-387-1129,서울 은평구 연서로15길 8
808,정선부뚜막,02-499-8253,서울 성동구 서울숲6길 14
809,제로비건,,서울시 송파구 올림픽로 240 롯데마트 잠실점 6층 먹리단길
810,죠샌드위치 (고려대구로병원),02-858-0901,서울 구로구 구로동로 148 본관 지하1층
811,죠샌드위치 (고속터미널),02-536-1090,서울 서초구 신반포로 194 1층
812,죠샌드위치 (광장동),02-2201-9121,서울 광진구 광나루로 604 1층 105호
813,죠샌드위치 (교대역),0507-1324-6153,서울 서초구 사임당로17길 101 1층
814,죠샌드위치 (구로디지털단지),0507-1440-0293,서울 구로구 디지털로26길 110 1층 6103호
815,죠샌드위치 (남산스테이트타워),02-6020-5934,서울 중구 퇴계로 100 B1층
816,죠샌드위치 (논현학사),02-516-7776,서울 강남구 도산대로24길 15
817,죠샌드위치 (대치사거리),02-555-6535,서울 강남구 삼성로 345
818,죠샌드위치 (도곡렉슬),02-575-0212,서울 강남구 선릉로 225
819,죠샌드위치 (도봉한신),02-954-1778,서울 도봉구 도봉로180나길 41
820,죠샌드위치 (독립문역),02-730-0314,서울 종로구 통일로 230 124호
821,죠샌드위치 (마곡),02-3661-2244,서울 강서구 공항대로 195 힐스테이트 에코동익 상가 1층
822,죠샌드위치 (문래GS홈쇼핑),02-6085-1122,서울 영등포구 선유로 71 문래임광그대가
823,죠샌드위치 (문정법조타운),0507-1445-0286,서울 송파구 법원로11길 25 H비지니스파크 A-117호
824,죠샌드위치 (반포),02-533-4433,서울 서초구 서초중앙로 217 대동빌딩
825,죠샌드위치 (방배),02-593-3999,서울 서초구 방배중앙로 204 금호리첸시아 103호
826,죠샌드위치 (삼성2호),0507-1397-7576,서울 강남구 테헤란로82길 11
827,죠샌드위치 (선릉),02-562-3001,서울 강남구 테헤란로77길 13 창조빌딩 1층
828,죠샌드위치 (센터원),02-6030-8583,서울 중구 을지로5길 26 지하1층 푸드코트 8호
829,죠샌드위치 (시립대),02-3390-4263,서울 동대문구 서울시립대로 147 우성빌딩 1층 103호 죠샌드위치
830,죠샌드위치 (압구정),02-545-5455,서울 강남구 논현로159길 11
831,죠샌드위치 (오토갤러리),,서울 서초구 양재대로11길 36
832,죠샌드위치 (의주로),02-6399-6399,서울 중구 통일로 86 바비엥3
833,죠샌드위치 (이수역),02-582-1800,서울 동작구 동작대로23길 12
834,죠샌드위치 (일원역),0507-1305-5350,서울 강남구 일원로 115 120호 죠샌드위치
835,죠샌드위치 (잠실엘스),02-2202-3487,서울 송파구 올림픽로 119 잠실파인애플상가
836,죠샌드위치 (포스코사거리),02-557-2541,서울 강남구 삼성로85길 42 대치동대우아이빌멤버스
837,죠샌드위치 (학동디오빌),0507-1315-3527,서울 강남구 학동로 165 1층  103호
838,죠샌드위치 (현대백화점 천호),02-2225-8849,서울 강동구 천호대로 1005 현대백화점 천호점
839,지금 여기가 맨 앞,0507-1346-3759,서울 중구 을지로20길 16 3층
840,지니네컵밥,010-9073-8440,서울 서대문구 신촌역로 22-5
841,지속,0507-1442-7907,서울특별시 광진구 동일로20길 20
842,지화자,02-2269-5834,서울 종로구 자하문로 125
843,차호로록,02-2676-4689,서울 영등포구 국회대로36길 3
844,채식주의자,02-722-1810,서울특별시 종로구 자하문로13길 4-7
845,천년식향 & 델리,010-6323-7231,서울 서초구 효령로 316-1 3층
846,초록뜰,02-2213-1878,서울 동대문구 망우로18길 6
847,충칭호모두샤브샤브 (홍대),02-332-6065,서울 마포구 홍익로6길 46 2층
848,치아바타 몽스,02-2261-0225,서울 중구 퇴계로 199
849,칙피스,02-6956-6780,서울 강남구 강남대로152길 69
850,칙피스 (성수),0507-1352-0248,서울 성동구 연무장5길 9-16 블루스톤타워 1층 101호
851,카레경반,0507-1405-1034,서울 성북구 동소문로20다길 2 2층
852,카카오다다,02-3446-7007,서울 마포구 희우정로10길 15 대림1차아파트 상가동 102호
853,카페 거북이,070-4015-5314,서울 서초구 방배천로4안길 48
854,카페 딜리델리,02-557-4493,서울 강남구 테헤란로43길 19 지상2층 202호
855,카페 시바,070-7543-1339,서울 용산구 한강대로 276-1
856,카페 오르다,02-6289-9189,서울특별시 종로구 동숭동 187-7 1층
857,카페58.4,02-743-8340,서울 성북구 성북로16길 4-13
858,카페모닝,0507-1403-3234,서울 영등포구 선유로 76 동국메뜨리앙
859,캘리포니아 피자키친 (김포공항 롯데몰),02-6116-5835,서울 강서구 하늘길 38 김포공항 MF층
860,캘리포니아 피자키친 (명동M플라자),02-2273-3300,서울 중구 명동8길 27 M플라자 6층
861,캘리포니아 피자키친 (역삼 GFC),02-508-5871,서울 강남구 테헤란로 152 강남파이낸스센터 B1F
862,캘리포니아 피자키친 (은평 롯데몰),02-6975-5430,서울 은평구 통일로 1050 롯데몰 은평점 4층
863,캘리포니아 피자키친 (청량리역),02-3707-1677,서울 동대문구 왕산로 214
864,캘리포니아 피자키친 (코엑스),02-551-6500,서울 강남구 영동대로 513 1층
865,컴플리트커피,070-8873-0419,서울 동대문구 이문로9나길 6-14
866,코코루시아,02-418-7010,서울 송파구 마천로 24
867,콩밭뜰,070-8182-7757,서울 도봉구 도봉로110아길 10
868,콩빠두,02-2282-1464,서울 성동구 한림말1길 8
869,콩플레,02-427-0809,서울 강동구 동남로83길 67
870,쿡앤북,02-325-1028,서울 마포구 성지3길 61
871,퀴즈노스 (LG트윈),02-3773-1276,서울 영등포구 여의대로 128 지하1층
872,퀴즈노스 (가락),02-2043-2308,서울 송파구 송파대로28길 27 102-105
873,퀴즈노스 (가재울),02-304-2468,서울 서대문구 가재울미래로 2 201동 112호
874,퀴즈노스 (경희의료원),02-959-7316,"서울 동대문구 경희대로 23 경희의료원부속동 전면프라자 1층 2,3호"
875,퀴즈노스 (남부터미널),02-583-3892,서울 서초구 효령로 276 1층
876,퀴즈노스 (대치사거리),02-508-1101,서울 강남구 역삼로 519 케이제이빌딩 1층 1호
877,퀴즈노스 (둔촌사거리),02-477-7004,서울 강동구 양재대로 1299
878,퀴즈노스 (롯데백화점 청량리),070-8804-0430,서울 동대문구 왕산로 214 지하 2층
879,퀴즈노스 (롯데월드),02-2143-1232,서울 송파구 올림픽로 240 2층 후렌치레볼루션앞
880,퀴즈노스 (마곡나루역),02-3665-7412,서울 강서구 마곡중앙5로 6
881,퀴즈노스 (목동오목교),02-2644-2643,서울 양천구 오목로 300 205동 1층 123호
882,퀴즈노스 (문정법조타운),0507-1437-0157,서울 송파구 법원로11길 11 A동 131호
883,퀴즈노스 (미아),02-6231-6362,서울 성북구 동소문로 312 1층
884,퀴즈노스 (방송대),02-3668-4789,서울 종로구 대학로 86 (동숭동) 방송통신대 본관 1층
885,퀴즈노스 (서울대 글로벌 생활관),0507-1312-9329,서울 관악구 관악로 1 관악캠퍼스글로벌학생생활관
886,퀴즈노스 (서울대 제1공학관),02-871-9329,서울 관악구 관악로 1
887,퀴즈노스 (서울대의대),02-741-8992,서울 종로구 대학로 103 2층
888,퀴즈노스 (서울성모병원),02-2258-6433,서울 서초구 반포대로 222 지하1층
889,퀴즈노스 (서울스퀘어),02-6456-8930,서울 중구 한강대로 416
890,퀴즈노스 (서울여대),02-977-7923,서울 노원구 화랑로 621 101호
891,퀴즈노스 (송파방이),02-785-3949,서울 송파구 오금로11길 6
892,퀴즈노스 (순화덕수궁롯데캐슬),02-318-1256,서울 중구 서소문로9길 28 덕수궁롯데캐슬상가 1층 113호
893,퀴즈노스 (시청대한항공빌딩),02-3789-3566,서울 중구 서소문로 117 대한항공빌딩 1층
894,퀴즈노스 (신사위워크),02-2039-9932,서울 강남구 강남대로 586 위워크 빌딩 1층
895,퀴즈노스 (압구정),02-3443-3332,서울 강남구 압구정로 144 한주빌딩
896,퀴즈노스 (역삼),02-501-8951,서울 강남구 테헤란로 230 인호 IP 빌딩
897,퀴즈노스 (위례),02-6014-5900,서울 송파구 위례광장로 136
898,퀴즈노스 (잠실),02-2146-2308,서울 송파구 올림픽로 269
899,퀴즈노스 (종로YBM),02-2272-4434,서울 종로구 삼일대로 394
900,퀴즈노스 (중계),02-930-3433,서울 노원구 노원로 330 롯데마트중계점 B1
901,크리스피프레시 (합정),02-333-1281,서울 마포구 월드컵로3길 14 딜라이트스퀘어 2차 지하1층
902,키다리 아저씨,02-6489-4200,서울 마포구 성미산로 22
903,타코 아미고,02-749-5253,서울 용산구 보광로 123
904,투고샐러드 (건국대),02-6080-6913,서울 광진구 광나루로24길 9
905,투고샐러드 (경희대),02-966-9665,서울 동대문구 경희대로4길 50
906,투고샐러드 (고려대),02-953-6070,서울 성북구 인촌로28길 5
907,투고샐러드 (노원역),02-934-5674,서울 노원구 동일로218길 29 우진빌딩 104호
908,투고샐러드 (덕성여대),070-7817-4773,서울 강북구 삼양로 531
909,투고샐러드 (성신여대),02-999-2217,서울 성북구 보문로34나길 3
910,투고샐러드 (신촌),02-393-2290,서울 서대문구 연세로12길 30
911,투고샐러드 (한국외국어대),02-6013-6033,서울 동대문구 휘경로 18
912,투고샐러드 (한양대),02-2282-3344,서울 성동구 사근동길 6
913,판타스타코,0507-1463-1152,서울 동작구 흑석로 85
914,팥동동,0507-1365-2223,서울 은평구 연서로48길 31 1층
915,퍼블리코타코,02-871-6282,서울 관악구 관악로14길 106
916,페르시안궁전,02-763-6050,서울 종로구 성균관로6길 9
917,페스타 바이 민구,02-2250-8170,서울 중구 장충단로 60
918,페이퍼넛츠,02-6408-7799,서울 서대문구 거북골로24길 37-8 1층
919,페트라,02-790-4433,서울 용산구 녹사평대로40길 33
920,펠앤콜,070-4411-1434,서울 마포구 와우산로 39-21
921,포에버,010-7449-7932,서울 광진구 자양로43길 87
922,포인트프레드릭,0507-1311-8104,서울 마포구 동교로12길 12
923,포케포케,02-6952-7685,서울 서대문구 이화여대5길 15
924,포켓파크,0507-1383-3666,서울특별시 송파구 법원로11길 11 B동 146호
925,포탈라 (마포),02-928-8847,서울 마포구 월드컵북로4길 13
926,포탈라 (종로),02-318-0094,서울 종로구 청계천로 99
927,포포브레드,02-332-2044,서울 서대문구 증가로 18
928,푸드 더즈 매터 (Food does Matter),02-593-3322,서울 서초구 서래로1길 10
929,푸울파티,070-8805-8769,서울 성동구 뚝섬로9길 20
930,풍납동 미도리,02-485-4155,서울 송파구 천호대로152길 13 성신빌라
931,플랜브이,02-6368-1020,서울 성동구 뚝섬로3길 9
932,플랜트 (PLANT),02-749-1981,서울 용산구 보광로 117
933,피피샐러드,070-8822-7771,서울 송파구 송파대로49길 50
934,하궁,02-722-6101,서울 종로구 삼청로 106
935,한과채,02-720-2802,서울 종로구 인사동10길 13
936,한국술집 안씨막걸리,010-9965-5112,서울 용산구 회나무로 3
937,한국의 집,02-2266-9101,서울 중구 퇴계로36길 10
938,한상훈쉐프 (카페 모리나리),02-771-1808,서울 중구 소공로 29
939,할랄가이즈 (강남),02-595-1800,서울 서초구 강남대로69길 8
940,할랄가이즈 (삼성),010-7621-5091,서울 강남구 테헤란로 83길 11 지하 2층 8호
941,할랄가이즈 (이태원),02-794-8308,서울 용산구 이태원로 187
942,할랄가이즈 (홍대),02-332-1802,서울 마포구 양화로 161
943,해밀 비건 베이커리,070-7655-0723,서울 마포구 동교로19길 101
944,해방식당,070-4042-7050,서울 용산구 신흥로22길 5
945,해콩 (망원),02-336-5010,서울 마포구 월드컵로 103
946,해피돌핀 비건분식,,서울특별시 강남구 학동로43길 38 지하2층 B201호 주방7호
947,허씨전통중경마라쌍궈(석기시대) 건대점,02-462-5358,서울 광진구 동일로18길 50
948,헤이보울,070-8845-6847,서울 성동구 성수이로7가길 13
949,헬스클럽 샐러드&요거트,070-4154-6411,서울 광진구 광나루로12길 6
950,호수꼬치 (홍대합정점),0507-1466-5551,서울 마포구 독막로 55 1층
951,호질,02-764-6822,서울 종로구 자하문로9길 15 백악빌딩
952,홀썸,0507-1332-3557,서울 동작구 노량진로 10 [ 스페이스 살림 ] 1층 스타트업 매장 4호
953,홈그라운드,,서울시 성동구 한림말길 22-20 지하 1층
954,홈로스팅카페 패밀리앤프렌즈,010-6341 -3574,서울 성북구 삼선교로14길 37
955,홍도깨비,02-363-5060,서울 서대문구 이화여대1길 42-8
956,홍린,02-2608-6556,서울 강서구 우장산로15길 25
957,홍밀밀,070-4158-9811,서울 중구 명동길 74
958,홍쉐프,02-325-7971,서울 마포구 동교로 164 1층 홍쉐프
959,화상손만두,02-3285-8842,서울 관악구 남부순환로244길 18
960,황금룡,02-324-0442,서울 마포구 포은로 90
961,효제눅,02-742-3161,서울 종로구 창경궁로 16길 69
962,후문첫집,02-2212-3606,서울 동대문구 망우로18다길 44
963,후스테이블,02-742-5061,서울 종로구 창덕궁1가길 8
964,훅트포케(강남역),0507-1332-0976,서울 서초구 서운로 138 동아타워 지하1층 27호
965,훌리오 (종로),0507-1404-5324,서울 종로구 청계천로 73
966,히피스베이글,02-906-6778,서울 강북구 삼양로 528
967,힐사이드테이블,02-720-5757,서울 종로구 경희궁2길 7
968,쿠소이,02-466-7201,서울 성동구 성수이로16길 50
969,리틀마나님,02-6084-0524,서울 성북구 종암로22길 41 1층
970,스타일비건,1800-2361,서울 강남구 학동로43길 38
971,드렁큰비건,070-7543-8101,서울 마포구 와우산로30길 13
972,카페 썬,02-336-8457,서울 마포구 동교로17안길 51
973,"스프라우트
(매장내 취식불가)",02-3789-6292,서울 용산구 회나무로13길 36 1층
